source,stimulus,smiles,raw_labels,reason
goodscents,1003050-32-5,CC1CCCCC1NC(=O)c1c(F)c(F)c(F)c(F)c1F,cooling,no_mapped_labels
goodscents,10191-41-0,Cc1c(C)c2c(c(C)c1O)CC[C@@](C)(CCC[C@H](C)CCC[C@H](C)CCCC(C)C)O2,bland,no_mapped_labels
goodscents,10352-88-2,CCCC/C=C/C(=O)O,rancid,no_mapped_labels
goodscents,10482-53-8,C=CCCCCC/C=C\C/C=C\C/C=C\CC,costus,no_mapped_labels
goodscents,105657-89-4,CCC=CCC=CCC=CCCC(C)=O,shrimp,no_mapped_labels
goodscents,106-11-6,CCCCCCCCCCCCCCCCCC(=O)OCCOCCO,bland,no_mapped_labels
goodscents,106-31-0,CCCC(=O)OC(=O)CCC,butter,no_mapped_labels
goodscents,107-10-8,CCCN,ammoniacal,no_mapped_labels
goodscents,107-35-7,NCCS(=O)(=O)O,bland,no_mapped_labels
goodscents,107-85-7,CC(C)CCN,ammoniacal,no_mapped_labels
goodscents,1073606-36-6,CCCCC(CC)C(=O)OC(C)COCc1ccccc1,bland,no_mapped_labels
goodscents,108-38-3,Cc1cccc(C)c1,plastic,no_mapped_labels
goodscents,109-06-8,Cc1ccccn1,sweat,no_mapped_labels
goodscents,109-87-5,COCOC,chloroform,no_mapped_labels
goodscents,110-25-8,CCCCCCCC/C=C/CCCCCCCC(=O)N(C)CC(=O)O,bland,no_mapped_labels
goodscents,110-85-0,C1CNCCN1,ammoniacal,no_mapped_labels
goodscents,110-97-4,CC(O)CNCC(C)O,dead;ammonia;fish,no_mapped_labels
goodscents,111-41-1,NCCNCCO,ammonia;mild,no_mapped_labels
goodscents,111-42-2,OCCNCCO,fish;rotten;mild;ammonia,no_mapped_labels
goodscents,1119831-25-2,Cc1noc(C)c1Cn1cc(N2C(=O)CN(Cc3cccc(O)c3)C2=O)cn1,bland,no_mapped_labels
goodscents,112-63-0,CCCCC/C=C\C/C=C\CCCCCCCC(=O)OC,bland,no_mapped_labels
goodscents,112-92-5,CCCCCCCCCCCCCCCCCCO,bland,no_mapped_labels
goodscents,1126-61-0,C=CCc1ccc(O)c(O)c1,creosote;slight,no_mapped_labels
goodscents,1126-79-0,CCCCOc1ccccc1,anise;licorice,no_mapped_labels
goodscents,118-56-9,CC1CC(OC(=O)c2ccccc2O)CC(C)(C)C1,menthol;mild,no_mapped_labels
goodscents,121-79-9,CCCOC(=O)c1cc(O)c(O)c(O)c1,bland,no_mapped_labels
goodscents,123-62-6,CCC(=O)OC(=O)CC,acetaldehyde,no_mapped_labels
goodscents,124-68-5,CC(C)(N)CO,ammonia;mild,no_mapped_labels
goodscents,124071-42-7,C=CCCCCCCC/C=C/CC#N,mandarin,no_mapped_labels
goodscents,124918-65-6,CCCCC[C@@H](C)CCC(=O)O,sweaty,no_mapped_labels
goodscents,128386-31-2,CCCCC1OC1C=CC=O,metal,no_mapped_labels
goodscents,1309389-73-8,COc1ccc(/C=C/C(=O)NCCc2ccc(OC)c(OC)c2)cc1OC,cooling,no_mapped_labels
goodscents,131671-56-2,C=CCC(CC)C(=O)CC,fish,no_mapped_labels
goodscents,13211-15-9,CC1(C)C(=O)C2CCC1C2,camphor,no_mapped_labels
goodscents,132735-95-6,CCCC(CC)CCC(=O)O,goaty,no_mapped_labels
goodscents,1338-41-6,CCCCCCCCCCCCCCCCCC(=O)OCC(O)[C@H]1OC[C@@H](O)[C@@H]1O,bland,no_mapped_labels
goodscents,134346-43-3,CCCCCCC1OC1C=CC=O,metal,no_mapped_labels
goodscents,134452-45-2,CCCC1OC1C=CC=O,metal,no_mapped_labels
goodscents,1407-14-3,C=C1C(=O)OC2CC3(C)CCCC(C)C3=CC12,faint,no_mapped_labels
goodscents,141-04-8,CC(C)COC(=O)CCCCC(=O)OCC(C)C,estery;mild,no_mapped_labels
goodscents,142-75-6,CCCCCCCCCCCCCCCCCC(=O)OCC(C)O,bland,no_mapped_labels
goodscents,142-91-6,CCCCCCCCCCCCCCCC(=O)OC(C)C,bland,no_mapped_labels
goodscents,14259-46-2,CC1OC(OCC2OC(Oc3cc(O)c4c(c3)OC(c3ccc(O)cc3)CC4=O)C(O)C(O)C2O)C(O)C(O)C1O,bland,no_mapped_labels
goodscents,144-62-7,O=C(O)C(=O)O,bland,no_mapped_labels
goodscents,14575-74-7,CC12CCC(C1)C(C)(C)[C@@H]2O,camphor,no_mapped_labels
goodscents,1515-95-3,CCc1ccc(OC)cc1,anise,no_mapped_labels
goodscents,1523-19-9,COc1ccc(OC(=O)c2ccccc2)cc1,,no_mapped_labels
goodscents,15356-60-2,CC(C)[C@H]1CC[C@H](C)C[C@@H]1O,mentholic,no_mapped_labels
goodscents,156324-82-2,CC(O)CC1(C)CCC(C(C)C)C(OC(=O)OC2CC(C)(CC(C)O)CCC2C(C)C)C1,menthol,no_mapped_labels
goodscents,15987-00-5,CCCCc1nccnc1C,anise;licorice,no_mapped_labels
goodscents,178900-23-7,CCCCCCCCCCC(CCCCCC)COCC(C)OCC(C)OCCOC(C)=O,bland,no_mapped_labels
goodscents,18776-92-6,CCC/C=C/CCC(=O)O,greasy,no_mapped_labels
goodscents,19041-15-7,C[C@H]1CCC(=O)O1,faint,no_mapped_labels
goodscents,2052-14-4,CCCCOC(=O)c1ccccc1O,ethyl;benzoate;clover;harsh,no_mapped_labels
goodscents,2084-19-7,CCCC(C)S,sulfury;gassy,no_mapped_labels
goodscents,2197-63-9,CCCCCCCCCCCCCCCCOP(=O)(O)OCCCCCCCCCCCCCCCC,bland,no_mapped_labels
goodscents,22014-48-8,CCOC(=O)CCCSC,sulfury,no_mapped_labels
goodscents,2217-60-9,Cc1cc(O)c(C(C)C)cc1O,fennel,no_mapped_labels
goodscents,2230-70-8,CC1CC(C)(C)CCC1=O,thujone,no_mapped_labels
goodscents,2243-33-6,CC1=CC[C@@H](C(C)C)C=C1,dill,no_mapped_labels
goodscents,22463-19-0,CC(=O)C1=CC(C)(C)CCC1,oil;armoise,no_mapped_labels
goodscents,25168-73-4,CCCCCCCCCCCCCCCCCC(=O)O[C@@]1([C@@]2(CO)O[C@H](CO)[C@@H](O)[C@@H]2O)O[C@H](CO)[C@@H](O)[C@H](O)[C@H]1O,bland,no_mapped_labels
goodscents,25231-21-4,CCCCCCCCCCCCCCCCCCOCC(C)O,bland,no_mapped_labels
goodscents,25339-09-7,CCCCCCCCCCCCCCCCCC(=O)OCCCCCCCCCCCCCC(C)C,bland,no_mapped_labels
goodscents,25496-72-4,CCCCCCCC/C=C\CCCCCCCC(=O)OCC(O)CO,bland,no_mapped_labels
goodscents,25679-28-1,C/C=C\c1ccc(OC)cc1,anise,no_mapped_labels
goodscents,26942-95-0,CC(C)CCCCCCCCCCCCCCC(=O)OCC(COC(=O)CCCCCCCCCCCCCCC(C)C)OC(=O)CCCCCCCCCCCCCCC(C)C,bland,no_mapped_labels
goodscents,27195-16-0,CCCCCCCCCCCCCCCCCC(=O)O[C@@H]1[C@@H](O)[C@H](O)[C@@H](CO)O[C@@]1(OC(=O)CCCCCCCCCCCCCCCCC)[C@@]1(CO)O[C@H](CO)[C@@H](O)[C@@H]1O,bland,no_mapped_labels
goodscents,27214-38-6,CCCCCCCCCCCCCC(=O)OCC(O)CO,bland,no_mapped_labels
goodscents,28060-90-4,CCCCCCCCC=CCCCCCCCC(=O)OCC(COC(C)=O)OC(C)=O,acetic;mild,no_mapped_labels
goodscents,287-92-3,C1CCCC1,petroleum,no_mapped_labels
goodscents,29710-25-6,CCCCCCC(O)CCCCCCCCCCC(=O)OCC(CC)CCCC,bland,no_mapped_labels
goodscents,2986-53-0,CCOC1CCCCCCCCCCC1,oil;vetiver,no_mapped_labels
goodscents,29957-43-5,C=CC(C)(O)CC=CC(=C)C,mouldy,no_mapped_labels
goodscents,30364-38-6,Cc1ccc2c(c1)C=CCC2(C)C,licorice,no_mapped_labels
goodscents,30399-84-9,CC(C)CCCCCCCCCCCCCCC(=O)O,bland,no_mapped_labels
goodscents,30673-36-0,CCCCCCCCCC(=O)OCCCC,whiskey,no_mapped_labels
goodscents,31331-53-0,CSC(C)S,thiamine,no_mapped_labels
goodscents,3234-85-3,CCCCCCCCCCCCCCOC(=O)CCCCCCCCCCCCC,bland,no_mapped_labels
goodscents,32449-92-6,O=C[C@H](O)[C@H]1OC(=O)[C@@H](O)[C@H]1O,mentholic,no_mapped_labels
goodscents,35117-86-3,C[C@H]1CC[C@@H](C(C)(C)S)C(=O)C1,rubbery,no_mapped_labels
goodscents,3539-43-3,CCCCCCCCCCCCCCCCOP(=O)(O)O,bland,no_mapped_labels
goodscents,3569-36-6,C=CCC1=C(C)CCC1=O,lovage;fenugreek,no_mapped_labels
goodscents,362467-67-2,CC(C)CCc1ccc2c(c1)OCC(=O)CO2,marine,no_mapped_labels
goodscents,38427-78-0,C=C(C)[C@H]1CCC2=CC(=O)C[C@H](C)[C@@]2(C)C1,terpentine,no_mapped_labels
goodscents,4049-38-1,O=C1CC(c2ccc(O)c(O)c2)Oc2cc(O)cc(O)c21,bland,no_mapped_labels
goodscents,41669-30-1,CC(C)CCCCCCCCCCCCCCCOC(=O)CCCCCCCCCCCCCCC(C)C,bland,no_mapped_labels
goodscents,4313-02-4,CC/C=C\C=C\C=O,fried,no_mapped_labels
goodscents,462-18-0,CCCCCCC(=O)CCCCCC,may;blossom,no_mapped_labels
goodscents,464-15-3,CC12CCC(CC1)C2(C)C,borneol;mild,no_mapped_labels
goodscents,465-28-1,CC1=CCC2(C)CC[C@H](C(C)C)C2(O)CC1,pleasant;mild,no_mapped_labels
goodscents,473-13-2,C=C(C)C1CCC2(C)CCC=C(C)C2C1,amber,no_mapped_labels
goodscents,491-02-1,CC1CCC(C(C)C)C(O)C1,mentholic,no_mapped_labels
goodscents,506-14-9,O=C(O)CCCCC/C=C/CCCCCCCCO,amber,no_mapped_labels
goodscents,51115-77-6,CCC(CC)(CC)C(=O)NC(C)(C)CO,cooling,no_mapped_labels
goodscents,514-10-3,CC(C)C1=CC2=CC[C@@H]3[C@](C)(CCC[C@@]3(C)C(=O)O)[C@H]2CC1,acetic;mild,no_mapped_labels
goodscents,52-90-4,N[C@@H](CS)C(=O)O,sulfury,no_mapped_labels
goodscents,526214-70-0,C=C[C@@]1(C)CC[C@H]([C@@H](C)C=O)O1,flowery,no_mapped_labels
goodscents,526214-71-1,C=C[C@@]1(C)CC[C@H]([C@H](C)C=O)O1,flowery,no_mapped_labels
goodscents,528-43-8,C=CCc1ccc(O)c(-c2cc(CC=C)ccc2O)c1,bitter,no_mapped_labels
goodscents,532-87-6,C=C(CCC=C(C)C)C1CC=C(CCC=C(C)C)CC1,almost odorless,no_mapped_labels
goodscents,5329-14-6,NS(=O)(=O)O,bland,no_mapped_labels
goodscents,53584-56-8,CC(=O)[C@@H](C)O,,no_mapped_labels
goodscents,53823-06-6,C[C@H]1CCC[C@]2(C)CC[C@@]3(C(C)(C)O)C[C@@]123,algae,no_mapped_labels
goodscents,54290-12-9,CCCCCC/C=C/CCCCCCCCC,alkane,no_mapped_labels
goodscents,546-80-5,CC(C)[C@]12CC(=O)[C@H](C)[C@H]1C2,cedar;thujonic,no_mapped_labels
goodscents,56-86-0,N[C@@H](CCC(=O)O)C(=O)O,yeasty;bread baked,no_mapped_labels
goodscents,563-80-4,CC(=O)C(C)C,camphor,no_mapped_labels
goodscents,565-62-8,C/C=C(\C)C(C)=O,sweaty,no_mapped_labels
goodscents,56797-44-5,CC/C=C\C/C=C\C/C=C\CCCCCCC=O,seaweed,no_mapped_labels
goodscents,57-88-5,CC(C)CCC[C@@H](C)[C@H]1CC[C@H]2[C@@H]3CC=C4C[C@@H](O)CC[C@]4(C)[C@H]3CC[C@]12C,bland,no_mapped_labels
goodscents,5724-81-2,C1=NCCC1,seafood;shrimp;ammoniacal,no_mapped_labels
goodscents,577969-21-2,CCC[C@@H](S)CC=O,sulfury;rubber,no_mapped_labels
goodscents,579-94-2,CCOCC(=O)O[C@@H]1C[C@H](C)CC[C@H]1C(C)C,moldy,no_mapped_labels
goodscents,585-84-2,O=C(O)/C=C(/CC(=O)O)C(=O)O,bland,no_mapped_labels
goodscents,589-90-2,CC1CCC(C)CC1,petroleum,no_mapped_labels
goodscents,59231-37-7,CC(C)CCCCCCCCCCOC(=O)CC(C)CC(C)(C)C,bland,no_mapped_labels
goodscents,59587-44-9,CCCCCCCCC(=O)OCC(CC)CCCC,bland,no_mapped_labels
goodscents,599-04-2,CC1(C)COC(=O)[C@@H]1O,candy;cotton,no_mapped_labels
goodscents,60-35-5,CC(N)=O,bland,no_mapped_labels
goodscents,60763-44-2,C=CC(C)(CCC=C(C)C)OC,linalool,no_mapped_labels
goodscents,61197-13-5,Cc1cc(SSCCC(C)C)c(C)o1,sulfury;rubber;liver,no_mapped_labels
goodscents,621-27-2,CCCc1cccc(O)c1,truffle,no_mapped_labels
goodscents,62125-22-8,CC(C)CCCCCCCCCCCCCCC(=O)OCC(COC(=O)CCCCCCCCCCCCCCC(C)C)(COC(=O)CCCCCCCCCCCCCCC(C)C)COC(=O)CCCCCCCCCCCCCCC(C)C,bland,no_mapped_labels
goodscents,62488-24-8,CCCCCCCCCCCCCC(=O)OCCC(C)C,fragrant,no_mapped_labels
goodscents,627-51-0,C=CSC=C,liquid;evil;smelling,no_mapped_labels
goodscents,629-80-1,CCCCCCCCCCCCCCCC=O,cardboard,no_mapped_labels
goodscents,629-92-5,CCCCCCCCCCCCCCCCCCC,bland,no_mapped_labels
goodscents,63793-60-2,CCCCCCCCCCCCCCOCCCO,bland,no_mapped_labels
goodscents,63967-52-2,CCCCCC(C#N)=C1CCC(C)CC1,nerol;jasmin;nitrile;oxide,no_mapped_labels
goodscents,645-59-0,N#CCCc1ccccc1,nasturtium;powerful,no_mapped_labels
goodscents,6541-58-8,CC12CC(CC1=O)C(C)(C)C2,camphor,no_mapped_labels
goodscents,65909-91-3,CCCCC/C=C\C=C/C=O,seaweed,no_mapped_labels
goodscents,6698-82-0,COc1ccc(OC(=O)C(C)C)cc1,,no_mapped_labels
goodscents,68127-22-0,CC1CCC(C(C)C)C(OC(=O)C2CCC(=O)N2)C1,cooling,no_mapped_labels
goodscents,68171-33-5,CC(C)CCCCCCCCCCCCCCC(=O)OC(C)C,bland,no_mapped_labels
goodscents,68239-42-9,CO[C@@H]1O[C@H](COCCO)C(OCCO)C(OCCO)C1OCCO,bland,no_mapped_labels
goodscents,68411-97-2,CNCC(=O)O,bland,no_mapped_labels
goodscents,68489-14-5,CCOC(=O)CNC(=O)[C@@H]1C[C@H](C)CC[C@H]1C(C)C,mentholic;cooling,no_mapped_labels
goodscents,68541-50-4,CCC(COC(=O)CCCCCCCCCCCCCCC(C)C)(COC(=O)CCCCCCCCCCCCCCC(C)C)COC(=O)CCCCCCCCCCCCCCC(C)C,bland,no_mapped_labels
goodscents,6920-22-5S,CCCC[C@H](O)CO,bland,no_mapped_labels
goodscents,69364-63-2,CCCCCCCCCCCCCCCCOCCO,bland,no_mapped_labels
goodscents,72258-83-4,CC(C)(C)C1CCC2(CCC(=O)O2)CC1,woody-lactone;urine,no_mapped_labels
goodscents,73435-61-7,CC1CCC(C(C)C)C(C(=O)NC2CC2)C1,cooling,no_mapped_labels
goodscents,7360-38-5,CCCCC(CC)C(=O)OCC(COC(=O)C(CC)CCCC)OC(=O)C(CC)CCCC,bland,no_mapped_labels
goodscents,74-79-3,NC(N)=NCCC[C@H](N)C(=O)O,faint,no_mapped_labels
goodscents,74410-10-9,CC1=C[C@@H]2OC[C@@H](C)[C@@H]2CC1,dill,no_mapped_labels
goodscents,74775-06-7,CCCCCCCCCCCCCCOCCCOC(=O)CC,bland,no_mapped_labels
goodscents,75-65-0,CC(C)(C)O,camphor,no_mapped_labels
goodscents,75-66-1,CC(C)(C)S,sulfury,no_mapped_labels
goodscents,7651-02-7,CCCCCCCCCCCCCCCCCC(=O)NCCCN(C)C,bland,no_mapped_labels
goodscents,7664-38-2,O=P(O)(O)O,bland,no_mapped_labels
goodscents,7664-41-7,N,ammoniacal,no_mapped_labels
goodscents,77-89-4,CCOC(=O)CC(CC(=O)OCC)(OC(C)=O)C(=O)OCC,almost odorless,no_mapped_labels
goodscents,77311-02-5,CC1=NC(C)OC1,boiled;beef,no_mapped_labels
goodscents,7783-06-4,S,egg;rotten,no_mapped_labels
goodscents,78-40-0,CCOP(=O)(OCC)OCC,mild;cider,no_mapped_labels
goodscents,78183-56-9,CC(=O)[C@H](C)O,,no_mapped_labels
goodscents,79-63-0,CC(C)=CCCC(C)[C@H]1CC[C@@]2(C)C3=C(CC[C@]12C)[C@@]1(C)CC[C@H](O)C(C)(C)[C@@H]1CC3,bland,no_mapped_labels
goodscents,818-49-5,CCC(C)CCCO,sweaty,no_mapped_labels
goodscents,84-61-7,O=C(OC1CCCCC1)c1ccccc1C(=O)OC1CCCCC1,plastic;mild,no_mapped_labels
goodscents,84-74-2,CCCCOC(=O)c1ccccc1C(=O)OCCCC,faint,no_mapped_labels
goodscents,84605-08-3,CCCCCCCCCCOC(=O)CCCCCCCCCCCCCCC(C)C,bland,no_mapped_labels
goodscents,847565-09-7,CC1CCC(C(C)C)C(C(=O)NCCc2ccccn2)C1,cooling,no_mapped_labels
goodscents,9002-92-0,CCCCCCCCCCCCOCCO,bland,no_mapped_labels
goodscents,9002-93-1,CC(C)(C)CC(C)(C)c1ccc(OCCO)cc1,bland,no_mapped_labels
goodscents,9003-13-8,CCCCOCC(C)OCC(C)O,bland,no_mapped_labels
goodscents,9004-98-2,CCCCCCCC/C=C\CCCCCCCCOCCO,bland,no_mapped_labels
goodscents,9005-00-9,CCCCCCCCCCCCCCCCCCOCCO,bland,no_mapped_labels
goodscents,9035-85-2,CCCCCCCCCCCCCCCCOCCCO,bland,no_mapped_labels
goodscents,94-36-0,O=C(OOC(=O)c1ccccc1)c1ccccc1,benzaldehyde;mild,no_mapped_labels
goodscents,94089-02-8,CC(S)c1cccs1,strong;mercaptan,no_mapped_labels
goodscents,95-47-6,Cc1ccccc1C,geranium,no_mapped_labels
goodscents,96-08-2,CC1OC1C1CCC2(C)OC2C1,mentholic,no_mapped_labels
goodscents,97-63-2,C=C(C)C(=O)OCC,acrylate,no_mapped_labels
goodscents,97-78-9,CCCCCCCCCCCC(=O)N(C)CC(=O)O,bland,no_mapped_labels
goodscents,NF0561,Cc1cc(O)c(C)c(O)c1C#N,oakmoss,no_mapped_labels
goodscents,NF0565,CC1C(=O)CC(C)C(C#N)C1=O,oakmoss,no_mapped_labels
goodscents,NF0640,C=C1CCCC(C)(C)[C@H]1C(=O)/C=C/C,camphor;licorice,no_mapped_labels
goodscents,NF0641,C=C1CCCC(C)(C)[C@@H]1C(=O)/C=C/C,nice;damascone;camphor,no_mapped_labels
goodscents,NF0645,CCCC[C@@H](CC)CCC(=O)O,goaty;muttony,no_mapped_labels
goodscents,NF0648,C=C(C)CCC[C@@H](C)[C@]1(O)CC=C(C)CC1,flowery;lily-of-the-valley,no_mapped_labels
goodscents,NF0649,C=C(C)CCC[C@H](C)[C@@]1(O)CC=C(C)CC1,flowery;lily-of-the-valley,no_mapped_labels
goodscents,NF0825,CC[C@H](C)CCC=O,bland,no_mapped_labels
arctander,1,CC(C)C1=CC2=CC[C@@H]3[C@](C)(CCC[C@@]3(C)C(=O)O)[C@H]2CC1,,no_mapped_labels
arctander,27,CC(=O)Cc1ccc2ccccc2n1,,no_mapped_labels
arctander,42,CC(=O)c1c(C)cc(C)cc1C,,no_mapped_labels
arctander,44,CC(=O)C1C(=O)C=C(C)OC1=O,,no_mapped_labels
arctander,50,COc1cc(C(OC)OC)ccc1OC(C)=O,,no_mapped_labels
arctander,51,O=C(O)C=C(CC(=O)O)C(=O)O,,no_mapped_labels
arctander,52,C=CC=O,,no_mapped_labels
arctander,53,C=CC(=O)O,,no_mapped_labels
arctander,54,O=C(O)CCCCC(=O)O,,no_mapped_labels
arctander,61,CCC1CCC2C3CCC4CC(O)CCC4(C)C3CCC12C,musky,no_mapped_labels
arctander,73,C=CCC#N,,no_mapped_labels
arctander,87,C=CCS,,no_mapped_labels
arctander,94,C=CCSSCCC,,no_mapped_labels
arctander,98,C=CCN=C=S,,no_mapped_labels
arctander,103,C=CCC(=O)c1ccc(O)c(OC)c1,vanillin,no_mapped_labels
arctander,104,C=C1CCCC(C)(C)[C@@H]1CC/C(C)=C/CCC1[C@@]2(C)CCCC(C)(C)C2CC[C@@]1(C)O,,no_mapped_labels
arctander,106,O=C1CCCCC/C=C\CCCCCCCCO1,ambre;musky,no_mapped_labels
arctander,107,O=C1CCCC/C=C\CCCCCCCCCO1,ambre;musky,no_mapped_labels
arctander,108,CC1(O)CCC2C(=CCCC2(C)C)C1,ambre,no_mapped_labels
arctander,110,CCC(N)C(=O)O,caramelic,no_mapped_labels
arctander,111,CC(C)(N)C(=O)O,,no_mapped_labels
arctander,125,CCCCCO,,no_mapped_labels
arctander,128,CCCCCN,,no_mapped_labels
arctander,194,CCCCCS,gassy;sulfuraceous,no_mapped_labels
arctander,203,CC(C)CCOC(=O)C(=O)OCCC(C)C,,no_mapped_labels
arctander,212,CCCCCOC(=O)c1ccccc1C(=O)[O-],,no_mapped_labels
arctander,220,CCCCCCCCCCCCCCCCCC(=O)OCCCCC,,no_mapped_labels
arctander,234,CC12C=CCC1C1CCC3CC(O)CCC3(C)C1CC2,,no_mapped_labels
arctander,235,CC12C=CCC1C1CCC3CC(=O)CCC3(C)C1CC2,,no_mapped_labels
arctander,240,Nc1ccccc1,,no_mapped_labels
arctander,242,CCOC(OCC)c1ccc(OC)cc1,,no_mapped_labels
arctander,245,COc1ccc(C(=O)O)cc1,,no_mapped_labels
arctander,264,C/C=C\c1cc(OC)c(OC)cc1OC,,no_mapped_labels
arctander,266,O=C1C(O)=C(O)OC1C(O)CO,,no_mapped_labels
arctander,272,c1ccc(C2OCCO2)cc1,,no_mapped_labels
arctander,274,CC1COC(c2ccccc2)O1,,no_mapped_labels
arctander,276,O=C(O)c1ccccc1,,no_mapped_labels
arctander,277,O=C(c1ccccc1)C(O)c1ccccc1,,no_mapped_labels
arctander,278,c1ccccc1,gassy,no_mapped_labels
arctander,279,N#Cc1ccccc1,,no_mapped_labels
arctander,290,OCc1ccccc1,,no_mapped_labels
arctander,307,c1ccc(CSSCc2ccccc2)cc1,caramelic,no_mapped_labels
arctander,315,ON=Cc1ccc(Cc2ccccc2)o1,,no_mapped_labels
arctander,325,SCc1ccccc1,,no_mapped_labels
arctander,330,CCCCCCCCCCCCCC(=O)OCc1ccccc1,,no_mapped_labels
arctander,341,O=C([O-])CCC(=O)OCc1ccccc1,,no_mapped_labels
arctander,343,O=C(CS)OCc1ccccc1,,no_mapped_labels
arctander,361,CC1(C)C2CCC1(C)C(OC(=O)Cc1ccccc1)C2,,no_mapped_labels
arctander,364,CC1(C)C2CCC1(C)C(OC(=O)c1ccccc1O)C2,powdery,no_mapped_labels
arctander,380,CC(C)(c1c(Cl)c(Cl)c(O)c(Cl)c1Cl)c1c(Cl)c(Cl)c(O)c(Cl)c1Cl,,no_mapped_labels
arctander,385,CC(=O)CC(=O)OCC(C)C,,no_mapped_labels
arctander,390,CC(C)CO,,no_mapped_labels
arctander,394,CCC(C)(C)C(=O)C(C)(C)C,camphoraceous,no_mapped_labels
arctander,421,CCCCCCCC(=O)OCCCC,,no_mapped_labels
arctander,428,CCCCOC(=O)CC(O)(CC(=O)[O-])C(=O)[O-],,no_mapped_labels
arctander,430,COc1cc(C)ccc1C(C)(C)C,leather,no_mapped_labels
arctander,431,CCCCN=C=O,,no_mapped_labels
arctander,448,CC(O)CCO,,no_mapped_labels
arctander,449,CCOc1c([N+](=O)[O-])cc(C=O)cc1C(C)(C)C,musky,no_mapped_labels
arctander,470,CCCCOC(=O)c1ccc(O)cc1,,no_mapped_labels
arctander,471,Cc1cc(C(C)(C)C)c(O)c(C(C)(C)C)c1,,no_mapped_labels
arctander,473,CC(C)/C=C1/OC(=O)C2=CC=CCC21,,no_mapped_labels
arctander,478,CC(C)Cc1c[nH]c2ccccc12,,no_mapped_labels
arctander,488,CCCCS,sulfuraceous,no_mapped_labels
arctander,516,CC(C)COC(=O)c1ccccc1C(=O)[O-],,no_mapped_labels
arctander,531,CC(C)(C)OC(=O)CCCCCCCCC(=O)OC(C)(C)C,musky,no_mapped_labels
arctander,533,CCCCOC(=O)CCC(=O)[O-],musky,no_mapped_labels
arctander,534,CCCCOC(=O)C(O)C(O)C(=O)[O-],,no_mapped_labels
arctander,543,CCCCC(=O)OCC(C)C,,no_mapped_labels
arctander,546,Cc1cc(O)cc(C)c1C(C)(C)C,tarry;leather,no_mapped_labels
arctander,551,CC(C)C(=O)OC(=O)C(C)C,,no_mapped_labels
arctander,558,Cn1c(=O)c2c(ncn2C)n(C)c1=O,,no_mapped_labels
arctander,570,CC1=CCC2C(C1)C2(C)C,,no_mapped_labels
arctander,572,CC1=C(/C=C/C(C)=C/C=C/C(C)=C/C=C/C=C(C)/C=C/C=C(C)/C=C/C2=C(C)CCCC2(C)C)C(C)(C)CCC1,,no_mapped_labels
arctander,604,O=C(O)C=CC=Cc1ccc2c(c1)OCO2,,no_mapped_labels
arctander,605,O=C(O)C=CC=Cc1ccc2c(c1)OCO2,,no_mapped_labels
arctander,608,Cc1c(Cl)c(C)c([N+](=O)[O-])c(C(C)(C)C)c1[N+](=O)[O-],musky,no_mapped_labels
arctander,615,CC(C)C12CCC(C)(CC1)O2,camphoraceous,no_mapped_labels
arctander,616,CC12CCC(CC1)C(C)(C)O2,camphoraceous,no_mapped_labels
arctander,621,CC1CC(C)(C)OC(C=Cc2ccccc2)O1,,no_mapped_labels
arctander,625,O=C(C=Cc1ccccc1)N1CCCCC1,,no_mapped_labels
arctander,657,O=C(O)CC(O)(CC(=O)O)C(=O)O,,no_mapped_labels
arctander,703,COc1cc(/C=C/CO)ccc1O,,no_mapped_labels
arctander,736,Cc1ccccc1O,,no_mapped_labels
arctander,737,Cc1cccc(OC(=O)Cc2ccccc2)c1,narcissus;lily,no_mapped_labels
arctander,738,Cc1ccccc1OC(=O)Cc1ccccc1,,no_mapped_labels
arctander,739,Cc1ccc(OC(=O)Cc2ccccc2)cc1,lily;hyacinth,no_mapped_labels
arctander,746,CC=CCN=C=S,,no_mapped_labels
arctander,760,CC1=CCCC(C)(C)C1C=O,,no_mapped_labels
arctander,766,CC1=CCCC(C)(C)C1C=CC(=O)CC(C)C,,no_mapped_labels
arctander,776,OC1CCCCC1,camphoraceous,no_mapped_labels
arctander,800,O=C([O-])C(=O)OC1CCCCC1,,no_mapped_labels
arctander,809,C=C1CCCC(C)(C)C1CCO,ambre,no_mapped_labels
arctander,810,OC1CCCCCCCCCCCCCC1,musky,no_mapped_labels
arctander,813,O=C1CCCCCCCCCCCCCC1,musky,no_mapped_labels
arctander,831,O=C1CC(=O)OCCCCCCCCCCO1,musky,no_mapped_labels
arctander,832,O=C1OCCCCCCCCCCOC1=O,musky,no_mapped_labels
arctander,853,CCCCCCCCCCC1CCOC1=O,,no_mapped_labels
arctander,870,C#CC(C)(O)CCC=C(C)C,,no_mapped_labels
arctander,873,CC(=O)OC(C(C)=O)C(O)CO,,no_mapped_labels
arctander,874,C=CCSSCC=C,,no_mapped_labels
arctander,875,C=CCOCC=C,,no_mapped_labels
arctander,876,C=CCSCC=C,,no_mapped_labels
arctander,887,COc1cc(C=O)c(C(C)(C)C)cc1C(C)(C)C,ambre;musky,no_mapped_labels
arctander,894,CC=CCSCC=CC,,no_mapped_labels
arctander,900,CCOC(=O)C(=CCC(C)CCC=C(C)C)C(=O)OCC,,no_mapped_labels
arctander,903,COCCOCCOC,,no_mapped_labels
arctander,909,CCOC(=O)/C=C\C(=O)OCC,,no_mapped_labels
arctander,913,CCOC(=O)c1ccccc1C(=O)OCC,,no_mapped_labels
arctander,918,c1coc(CSSCc2ccco2)c1,sulfuraceous;caramelic,no_mapped_labels
arctander,938,C=C(C)C1CC=C(C=NO)CC1,,no_mapped_labels
arctander,949,CC(=O)CCC1=C(C)CCCC1(C)C,,no_mapped_labels
arctander,950,C=C1CCCC(C)(C)C1CCC(C)=O,ambre,no_mapped_labels
arctander,951,CC(=O)CCC1C(C)=CCC(C)C1(C)C,,no_mapped_labels
arctander,952,CC(=O)CCC1=C(C)CCC(C)C1(C)C,,no_mapped_labels
arctander,953,C=C1CCC(C)C(C)(C)C1CCC(C)=O,,no_mapped_labels
arctander,972,CC(=O)C(O)O,,no_mapped_labels
arctander,974,CC=C(C)CCC=C(C)C,gassy,no_mapped_labels
arctander,993,CC(C)OC(=O)C(C)(C)Cc1ccccc1,,no_mapped_labels
arctander,1005,CC(C)c1cc2c(c(C(C)C)c1O)C(C)(C)CC2,musky,no_mapped_labels
arctander,1006,CSSC,,no_mapped_labels
arctander,1017,CCCCC(C)C(C)(O)O,camphoraceous,no_mapped_labels
arctander,1055,Cc1cnc(C)cn1,,no_mapped_labels
arctander,1056,Cc1cncc(C)n1,,no_mapped_labels
arctander,1066,Cc1c(C=O)c(C)c([N+](=O)[O-])c(C(C)(C)C)c1[N+](=O)[O-],musky,no_mapped_labels
arctander,1067,Cc1c(C#N)c(C)c([N+](=O)[O-])c(C(C)(C)C)c1[N+](=O)[O-],musky,no_mapped_labels
arctander,1068,CCc1c([N+](=O)[O-])cc(C(C)(C)C)c(OC)c1[N+](=O)[O-],ambre;musky,no_mapped_labels
arctander,1092,Cc1c(C(C)C)cc(C=O)cc1C(C)C,musky,no_mapped_labels
arctander,1094,CC(C)c1ccc(CC=O)c(C(C)C)c1,musky,no_mapped_labels
arctander,1104,O=C1OCCCCCCCCCCCCO1,musky,no_mapped_labels
arctander,1114,CCCCCCCCCCCCOC(=O)c1ccccc1,,no_mapped_labels
arctander,1116,CCCCCCCCCCCCOC(=O)C(C)C,,no_mapped_labels
arctander,1125,CCOc1ccc(NC(N)=O)cc1,,no_mapped_labels
arctander,1130,O=C1C(O)=C(O)OC1C(O)CO,,no_mapped_labels
arctander,1134,CCOc1ccccc1C(C)=O,jasmin,no_mapped_labels
arctander,1142,C=CC(=O)OCC,,no_mapped_labels
arctander,1155,CCOC(=O)[C@@H](N)CC(N)=O,,no_mapped_labels
arctander,1157,CCc1ccccc1,gassy;hyacinth,no_mapped_labels
arctander,1158,CCOC(=O)C(O)(c1ccccc1)c1ccccc1,,no_mapped_labels
arctander,1161,CCOC(=O)CC(=O)c1ccccc1,,no_mapped_labels
arctander,1212,CCOC(=O)C1OC1c1ccc(C(C)C)cc1C(C)C,ambre;musky,no_mapped_labels
arctander,1220,CCCCOCCOC(C)=O,,no_mapped_labels
arctander,1228,O=C1CCCCCCCCCC(=O)OCCO1,musky,no_mapped_labels
arctander,1267,CCC(CO)Cc1ccccc1,musky,no_mapped_labels
arctander,1322,CCCCCCCC/C=C\CCCCCCCC(=O)OCC,,no_mapped_labels
arctander,1324,CCOO,,no_mapped_labels
arctander,1326,CCCCCCCCCCCCCCC(=O)OCC,musky,no_mapped_labels
arctander,1352,CCCCCCCCCCCCCCCCCC(=O)OCC,,no_mapped_labels
arctander,1379,C=CC(=C)CC/C=C(\C)CCC=C(C)C,,no_mapped_labels
arctander,1384,C=C1CC2CCC1C2(C)C,camphoraceous,no_mapped_labels
arctander,1385,CC12CCC(C1)C(C)(C)C2=O,camphoraceous,no_mapped_labels
arctander,1386,CC(=O)OC1C2(C)CCC(C2)C1(C)C,,no_mapped_labels
arctander,1410,O=CO,,no_mapped_labels
arctander,1411,O=C(O)/C=C/C(=O)O,,no_mapped_labels
arctander,1417,SCc1ccco1,caramelic,no_mapped_labels
arctander,1418,O=C(O)c1ccco1,,no_mapped_labels
arctander,1464,O=C[C@H](O)[C@@H](O)[C@H](O)[C@H](O)CO,,no_mapped_labels
arctander,1465,CC(=O)OC[C@@H](OC(C)=O)[C@@H](OC(C)=O)[C@H](OC(C)=O)[C@H](C=O)OC(C)=O,,no_mapped_labels
arctander,1466,NC(CCC(=O)O)C(=O)O,,no_mapped_labels
arctander,1467,OCC(O)CO,,no_mapped_labels
arctander,1470,CCCCCCCCCCCCCCCCCC(=O)OCC(O)CO,,no_mapped_labels
arctander,1476,COc1ccccc1OC(=O)c1ccccc1,,no_mapped_labels
arctander,1481,CCCC(=O)OC(C)(C)[C@@H]1CC[C@H](C)C2=C(C1)[C@@H](C)CC2,,no_mapped_labels
arctander,1489,OCc1ccc2c(c1)OCO2,vanillin,no_mapped_labels
arctander,1572,C1CCCCCCCCNCCCCCCC1,musky,no_mapped_labels
arctander,1581,CC1COCc2cc3c(cc21)C(C)(C)C(C)C3(C)C,musky,no_mapped_labels
arctander,1586,CC1COCc2cc3c(cc21)C(C)(C)CC3(C)C,musky,no_mapped_labels
arctander,1587,CC1COCc2cc3c(cc21)C(C)(C)CCC3(C)C,musky,no_mapped_labels
arctander,1601,CCC=CCCOC(CC=CCC)OCCC=CCC,,no_mapped_labels
arctander,1673,CCCCCCS,sulfuraceous,no_mapped_labels
arctander,1714,S,,no_mapped_labels
arctander,1771,NC(C(=O)O)c1cc(=O)[nH]o1,,no_mapped_labels
arctander,1779,C=C1CCCC(C)(C)C1/C=C/C(C)=O,,no_mapped_labels
arctander,1785,CC(=O)/C=C/C1=C(C)CCC(C)C1(C)C,,no_mapped_labels
arctander,1792,CC(O)C(=O)O,,no_mapped_labels
arctander,1793,OCC1OC(OC2C(CO)OC(O)C(O)C2O)C(O)C(O)C1O,,no_mapped_labels
arctander,1798,CC(=O)CCC(=O)O,caramelic,no_mapped_labels
arctander,1810,C=CC(C)(CCC=C(C)C)OC(=O)C(C)C,,no_mapped_labels
arctander,1828,O=C(O)/C=C\C(=O)O,caramelic,no_mapped_labels
arctander,1829,O=C(O)CC(O)C(=O)O,caramelic,no_mapped_labels
arctander,1830,O=C(O)CC(=O)O,,no_mapped_labels
arctander,1832,CC(=O)c1occc1O,caramelic,no_mapped_labels
arctander,1833,N#CC(O)c1ccccc1,,no_mapped_labels
arctander,1834,OCC(O)C(O)C(O)C(O)CO,,no_mapped_labels
arctander,1836,CC1CCC(C(C)C)CC1,gassy,no_mapped_labels
arctander,1840,CC(C)[C@@H]1CC[C@@H](C)C[C@H]1O,,no_mapped_labels
arctander,1848,CC1CCC(C(C)C)C(OC(=O)c2ccccc2)C1,,no_mapped_labels
arctander,1853,CC1CCC(C(C)C)C(OC(=O)c2ccccc2O)C1,,no_mapped_labels
arctander,1899,CCC(C)(N)C(=O)O,,no_mapped_labels
arctander,1904,C=CCCCC(C)O,,no_mapped_labels
arctander,1941,CCC(C)C(=O)O,,no_mapped_labels
arctander,1946,COC(=O)[C@@H]1CC[C@](C)(C(=O)OC)C1(C)C,,no_mapped_labels
arctander,2018,CC=Cc1ccc(OC)c(OCC)c1,vanillin,no_mapped_labels
arctander,2089,C=C1CCCC(C)(C)C1C=CC(=O)CC,,no_mapped_labels
arctander,2091,CC(=O)C=CC1C(C)=C(C)CCC1(C)C,,no_mapped_labels
arctander,2092,CC(=O)C=CC1C(C)=CC(C)CC1(C)C,,no_mapped_labels
arctander,2099,CS,,no_mapped_labels
arctander,2100,CC(S)CCCN,,no_mapped_labels
arctander,2122,CC(C=O)c1ccc2ccccc2c1,,no_mapped_labels
arctander,2154,COC(=O)C(=O)[O-],,no_mapped_labels
arctander,2168,CCOc1ccc(N(C)C(N)=O)cc1,,no_mapped_labels
arctander,2177,CC(C(=O)Oc1ccccc1N)c1ccccc1,,no_mapped_labels
arctander,2178,CC(C(=O)Oc1ccccc1)c1ccccc1,,no_mapped_labels
arctander,2185,CC(C(=O)OCc1ccccc1)c1ccccc1,,no_mapped_labels
arctander,2217,CC(=O)C(C)CC1CCC(C(C)C)CC1,sandalwood,no_mapped_labels
arctander,2240,CC1=CC(C)=C(C=O)C(C)(C)C1,,no_mapped_labels
arctander,2244,CCCC=S,,no_mapped_labels
arctander,2245,CSCCCO,sulfuraceous,no_mapped_labels
arctander,2255,Cc1cc(=O)oc2cc(O)ccc12,,no_mapped_labels
arctander,2276,CC1CCCCCCCCCCCCC(=O)C1,musky,no_mapped_labels
arctander,2277,CC1CCCCCCCCc2cccc(n2)C1,,no_mapped_labels
arctander,2296,c1ccc2ccccc2c1,tarry,no_mapped_labels
arctander,2305,O=C1C=CC(=O)c2ccccc21,,no_mapped_labels
arctander,2306,Nc1ccccc1C(=O)Oc1ccc2ccccc2c1,orange-blossom,no_mapped_labels
arctander,2309,C[C@@H]1O[C@@H](O[C@H]2[C@H](Oc3cc(O)c4c(c3)O[C@H](c3ccc(O)cc3)CC4=O)O[C@H](CO)[C@@H](O)[C@@H]2O)[C@H](O)[C@H](O)[C@H]1O,,no_mapped_labels
arctander,2310,C[C@@H]1O[C@@H](O[C@H]2[C@H](Oc3cc(O)c(C(=O)CCc4ccc(O)cc4)c(O)c3)O[C@H](CO)[C@@H](O)[C@@H]2O)[C@H](O)[C@H](O)[C@H]1O,,no_mapped_labels
arctander,2311,COc1ccc(CCC(=O)c2c(O)cc(O[C@@H]3O[C@H](CO)[C@@H](O)[C@H](O)[C@H]3O[C@@H]3O[C@@H](C)[C@H](O)[C@@H](O)[C@H]3O)cc2O)cc1O,,no_mapped_labels
arctander,2313,CC1CCC(C(C)C)C(O)C1,,no_mapped_labels
arctander,2338,Cc1ccccc1[N+](=O)[O-],,no_mapped_labels
arctander,2353,CCCCCCCCC([O-])=NCc1ccc(O)c(OC)c1,,no_mapped_labels
arctander,2355,CCCCCCCCCN1CCCCC1,,no_mapped_labels
arctander,2418,CCCCCCCCC(C=O)=Cc1ccccc1,,no_mapped_labels
arctander,2436,CCCCCCCCOC(=O)c1ccccc1O,,no_mapped_labels
arctander,2444,O=C1CCCCCCCCCOCCCCCO1,ambre;musky,no_mapped_labels
arctander,2445,O=C1CCCCCCCCCCOCCCCO1,ambre;musky,no_mapped_labels
arctander,2447,CCCCCCCCCCCCCCCC(=O)O,,no_mapped_labels
arctander,2452,C=CCCC(=O)O,acid,no_mapped_labels
arctander,2453,C=CCCC#N,,no_mapped_labels
arctander,2510,O=C=Nc1ccccc1,,no_mapped_labels
arctander,2511,CCOC(C)Oc1ccccc1,,no_mapped_labels
arctander,2514,Nc1ccccc1C(=O)OCCc1ccccc1,,no_mapped_labels
arctander,2612,O=P(O)(O)O,,no_mapped_labels
arctander,2625,CC1=CCC(C(C)(C)O)CC1O,camphoraceous,no_mapped_labels
arctander,2627,O=C(/C=C/C=C/c1ccc2c(c1)OCO2)N1CCCCC1,,no_mapped_labels
arctander,2652,CCC=O,,no_mapped_labels
arctander,2659,CC(C)OC(=O)CCCCC(=O)[O-],,no_mapped_labels
arctander,2660,CCCO,,no_mapped_labels
arctander,2665,CCCc1ccccc1,,no_mapped_labels
arctander,2694,CCCSSCCC,,no_mapped_labels
arctander,2695,CC(O)CO,,no_mapped_labels
arctander,2696,CC(O)CO,,no_mapped_labels
arctander,2718,CCCOC(=O)c1ccc(O)cc1,,no_mapped_labels
arctander,2721,CC(C)c1cc2ccccc2[nH]1,,no_mapped_labels
arctander,2723,CCCS,sulfuraceous,no_mapped_labels
arctander,2780,CC(=O)O,,no_mapped_labels
arctander,2784,C1CCNC1,,no_mapped_labels
arctander,2786,CC(=O)C=O,,no_mapped_labels
arctander,2787,C=C[C@H]1CN2CC[C@@H]1C[C@H]2[C@H](O)c1ccnc2ccc(OC)cc12,,no_mapped_labels
arctander,2793,Oc1cccc(O)c1,,no_mapped_labels
arctander,2797,C=C(C)CCC[C@H](C)CCO,,no_mapped_labels
arctander,2812,O=C1NS(=O)(=O)c2ccccc21,,no_mapped_labels
arctander,2835,CC1(C)C2CC[C@]3(C)[C@H](CCC45OCC6(CC[C@@](C)(C=O)C[C@@H]64)[C@H](O)C[C@]53C)[C@@]2(C)CC[C@@H]1O[C@@H]1OC[C@H](O[C@@H]2OC[C@@H](O)[C@H](O)[C@H]2O)[C@H](O[C@H]2O[C@H](CO)[C@@H](O)[C@H](O)[C@H]2O)[C@H]1O[C@@H]1O[C@H](CO)[C@@H](O)[C@H](O)[C@H]1O[C@H]1O[C@H](CO)[C@@H](O)[C@H](O)[C@H]1O,,no_mapped_labels
arctander,2836,C=C[C@](C)(O)CC[C@@H]1[C@@]2(C)CCCC(C)(C)C2CC[C@@]1(C)O,,no_mapped_labels
arctander,2839,CCCCC(O)C1=CCCCC1C(=O)O,acid,no_mapped_labels
arctander,2844,N[C@@H](CO)C(=O)O,,no_mapped_labels
arctander,2858,C/C=C/C=C/C(=O)O,,no_mapped_labels
arctander,2859,CCCCCCCCCCCCCCCCCC(=O)OCC(O)[C@H]1OC[C@@H](O)[C@@H]1O,,no_mapped_labels
arctander,2860,OCC(O)C(O)C(O)C(O)CO,,no_mapped_labels
arctander,2863,CCCCCCCCCCCCCCCCCC(=O)O,,no_mapped_labels
arctander,2867,O=C(O)CCC(=O)O,,no_mapped_labels
arctander,2868,CC(=O)OC[C@H]1O[C@@](COC(C)=O)(O[C@H]2O[C@H](COC(C)=O)[C@@H](OC(C)=O)[C@H](OC(C)=O)[C@H]2OC(C)=O)[C@@H](OC(C)=O)[C@@H]1OC(C)=O,,no_mapped_labels
arctander,2869,O=S=O,,no_mapped_labels
arctander,2872,O=C(O)C(O)C(O)C(=O)O,,no_mapped_labels
arctander,2898,C1CCOC1,gassy,no_mapped_labels
arctander,2907,CC(=O)CCC1C(C)CCCC1(C)C,,no_mapped_labels
arctander,2934,Sc1cccs1,sulfuraceous;caramelic,no_mapped_labels
arctander,2937,Sc1ccccc1,,no_mapped_labels
arctander,2938,CCC=S=O,,no_mapped_labels
arctander,2939,C[C@@H](O)[C@H](N)C(=O)O,,no_mapped_labels
arctander,2952,Cc1ccccc1,,no_mapped_labels
arctander,2961,Cc1ccccc1C=O,,no_mapped_labels
arctander,2963,Cc1cccc(C2OCC(CO)O2)c1,,no_mapped_labels
arctander,2969,CCCCCCCCCCCC(=O)Oc1ccc(C)cc1,,no_mapped_labels
arctander,2979,N[C@H](C(=O)O)[C@@H]1CC(=O)NO1,,no_mapped_labels
arctander,2980,Cc1ccc(OP(=O)(Oc2ccc(C)cc2)Oc2ccc(C)cc2)cc1,,no_mapped_labels
arctander,2983,O=C1OCCCCCCCCCCCCCO1,musky,no_mapped_labels
arctander,2998,CC1(C)CCCCC1(C)O,camphoraceous,no_mapped_labels
arctander,3017,Cc1c([N+](=O)[O-])cc([N+](=O)[O-])c(C(C)(C)C)c1[N+](=O)[O-],musky,no_mapped_labels
arctander,3018,C=CCC1CC(O)C2CCCCC2C1,,no_mapped_labels
arctander,3024,CCCCCCC[C@H]1CCC(=O)O1,,no_mapped_labels
arctander,3027,O=C1OCCCCCCCCCCCOC1=O,musky,no_mapped_labels
arctander,3034,CC=CCCCCCCCC=O,,no_mapped_labels
arctander,3040,CCCCCCCC/C=C/CO,,no_mapped_labels
arctander,3053,CC(C)CC=O,,no_mapped_labels
arctander,3065,CC(C)[C@H](N)C(=O)O,,no_mapped_labels
arctander,3066,COc1cc(C(=O)O)ccc1O,,no_mapped_labels
arctander,3076,COc1cc(COC(=O)c2ccc(O)c(OC)c2)ccc1O,vanillin,no_mapped_labels
arctander,3096,Cc1ccccc1C,gassy,no_mapped_labels
arctander,3098,Cc1cccc(O)c1C,,no_mapped_labels
flavornet,179,CC(=O)C(C)O,cream;butter,no_mapped_labels
flavornet,243,O=C(O)c1ccccc1,urine,no_mapped_labels
flavornet,264,CCCC(=O)O,cheese;sweat;rancid,no_mapped_labels
flavornet,332,C=Cc1ccc(O)c(OC)c1,clove;curry,no_mapped_labels
flavornet,335,Cc1ccccc1O,phenol,no_mapped_labels
flavornet,342,Cc1cccc(O)c1,plastic;fecal,no_mapped_labels
flavornet,356,CCCCCCCC,alkane,no_mapped_labels
flavornet,379,CCCCCCCC(=O)O,cheese;sweat,no_mapped_labels
flavornet,650,CC(=O)C(C)=O,butter,no_mapped_labels
flavornet,931,c1ccc2ccccc2c1,tar,no_mapped_labels
flavornet,984,CCCCCCCCCCCCCCCC=O,cardboard,no_mapped_labels
flavornet,996,Oc1ccccc1,phenol,no_mapped_labels
flavornet,1049,c1ccncc1,rancid,no_mapped_labels
flavornet,1136,Cc1ncsc1CCO,sulfur,no_mapped_labels
flavornet,1140,Cc1ccccc1,paint,no_mapped_labels
flavornet,1146,CN(C)C,fish,no_mapped_labels
flavornet,2537,CC12CCC(CC1=O)C2(C)C,camphor,no_mapped_labels
flavornet,2879,Cc1ccc(O)cc1,phenol;smoke;medicine,no_mapped_labels
flavornet,2969,CCCCCCCCCC(=O)O,fat;rancid,no_mapped_labels
flavornet,3893,CCCCCCCCCCCC(=O)O,metal,no_mapped_labels
flavornet,4133,COC(=O)c1ccccc1O,peppermint,no_mapped_labels
flavornet,6184,CCCCCC=O,tallow;fat;grass,no_mapped_labels
flavornet,6568,CCC(C)O,wine,no_mapped_labels
flavornet,6569,CCC(C)=O,ether,no_mapped_labels
flavornet,6590,CC(C)C(=O)O,cheese;butter;rancid,no_mapped_labels
flavornet,6616,C=C1C2CCC(C2)C1(C)C,camphor,no_mapped_labels
flavornet,6736,Cc1c[nH]c2ccccc12,fecal;mothball,no_mapped_labels
flavornet,6920,CC(=O)c1cccs1,sulfur,no_mapped_labels
flavornet,7041,COc1cccc(OC)c1O,phenol;smoke;medicine,no_mapped_labels
flavornet,7237,Cc1ccccc1C,geranium,no_mapped_labels
flavornet,7247,Cc1ccc(C)c(C)c1,plastic,no_mapped_labels
flavornet,7288,CCC(=O)CC,ether,no_mapped_labels
flavornet,7364,O=Cc1cccs1,sulfur,no_mapped_labels
flavornet,7505,N#Cc1ccccc1,rancid,no_mapped_labels
flavornet,7523,CCc1ccccn1,grass,no_mapped_labels
flavornet,7794,CC(C)=CCCC(C)CC=O,fat,no_mapped_labels
flavornet,7800,CCCCCCCCCCCC(=O)OCC,leaf,no_mapped_labels
flavornet,7929,Cc1cccc(C)c1,plastic,no_mapped_labels
flavornet,7975,Cc1ccccn1,sweat,no_mapped_labels
flavornet,7991,CCCCC(=O)O,sweat,no_mapped_labels
flavornet,8003,CCCCC,alkane,no_mapped_labels
flavornet,8050,CCCCCCCCCC(=O)OC,wine,no_mapped_labels
flavornet,8051,CCCCCC(C)=O,soap,no_mapped_labels
flavornet,8058,CCCCCC,alkane,no_mapped_labels
flavornet,8106,CCCCCCS,sulfur,no_mapped_labels
flavornet,8141,CCCCCCCCC,alkane,no_mapped_labels
flavornet,8174,CCCCCCCCCCO,fat,no_mapped_labels
flavornet,8175,CCCCCCCCCC=O,orange peel;soap;tallow,no_mapped_labels
flavornet,8180,CCCCCCCCCCC(=O)O,oil,no_mapped_labels
flavornet,8182,CCCCCCCCCCCC,alkane,no_mapped_labels
flavornet,8184,CCCCCCCCCCCO,mandarin,no_mapped_labels
flavornet,8193,CCCCCCCCCCCCO,fat;wax,no_mapped_labels
flavornet,8201,CCCCCCCCCCCCCCCCCC(=O)OC,fat,no_mapped_labels
flavornet,8207,CCCCCCCCCCCCCO,must,no_mapped_labels
flavornet,8221,CCCCCCCCCCCCCCCCCCO,oil,no_mapped_labels
flavornet,8222,CCCCCCCCCCCCCCCCCCCC,alkane,no_mapped_labels
flavornet,8314,CCC(C)C(=O)O,cheese;sweat,no_mapped_labels
flavornet,8369,Cc1occc(=O)c1O,caramel,no_mapped_labels
flavornet,8500,CC(=O)c1ccc(C)cc1,bitter almond,no_mapped_labels
flavornet,8748,C=C(C)C1CCC(C)(O)CC1,must,no_mapped_labels
flavornet,8815,C=CCc1ccc(OC)cc1,licorice;anise,no_mapped_labels
flavornet,8892,CCCCCC(=O)O,sweat,no_mapped_labels
flavornet,8900,CCCCCCC,alkane,no_mapped_labels
flavornet,8907,CCCCCCCCCCCCCCCC(=O)OC(C)C,fat,no_mapped_labels
flavornet,10408,CC(=O)CCCC(C)CCCC(C)CCCC(C)C,fat,no_mapped_labels
flavornet,10430,CC(C)CC(=O)O,sweat;acid;rancid,no_mapped_labels
flavornet,10869,COCc1ccccc1,metal,no_mapped_labels
flavornet,10934,Cc1csc(C)n1,rubber;mold,no_mapped_labels
flavornet,11006,CCCCCCCCCCCCCCCC,alkane,no_mapped_labels
flavornet,11126,Cc1cccs1,sulfur,no_mapped_labels
flavornet,11129,C=C1CCC2C(C1)C2(C)C,orange peel,no_mapped_labels
flavornet,11168,CSC#N,sulfur,no_mapped_labels
flavornet,11230,CC1=CCC(O)(C(C)C)CC1,nutmeg;must;turpentine,no_mapped_labels
flavornet,11251,CC(=O)C(C)C,camphor,no_mapped_labels
flavornet,11387,Cc1ccc2cc(C)ccc2c1,grass,no_mapped_labels
flavornet,11468,CC(C)C1=CCC(C)(O)CC1,must,no_mapped_labels
flavornet,11552,CC(C)CC=O,malt,no_mapped_labels
flavornet,11583,CCCCC(C)=O,ether,no_mapped_labels
flavornet,11635,CCCCCCCCCCCCCCCCCC,alkane,no_mapped_labels
flavornet,11747,CCC(=O)C(C)=O,butter;cream,no_mapped_labels
flavornet,12101,CCc1cccc(O)c1,must,no_mapped_labels
flavornet,12366,CCCCCCCCCCCCCCCC(=O)OCC,wax,no_mapped_labels
flavornet,12388,CCCCCCCCCCCCC,alkane,no_mapped_labels
flavornet,12389,CCCCCCCCCCCCCC,alkane,no_mapped_labels
flavornet,12391,CCCCCCCCCCCCCCC,alkane,no_mapped_labels
flavornet,12398,CCCCCCCCCCCCCCCCC,alkane,no_mapped_labels
flavornet,12401,CCCCCCCCCCCCCCCCCCC,alkane,no_mapped_labels
flavornet,12403,CCCCCCCCCCCCCCCCCCCCC,alkane,no_mapped_labels
flavornet,12405,CCCCCCCCCCCCCCCCCCCCCC,alkane,no_mapped_labels
flavornet,12533,CCCCCCCCCCCCCCCCCC=O,oil,no_mapped_labels
flavornet,12534,CCCCCCCCCCCCCCCCCCCCCCC,alkane,no_mapped_labels
flavornet,12748,Cc1cscn1,roasted meat,no_mapped_labels
flavornet,13594,O=C1C=CCCC1,pesticide,no_mapped_labels
flavornet,14257,CCCCCCCCCCC,alkane,no_mapped_labels
flavornet,15395,C=CC(=O)CCC,metal;cooked vegetable,no_mapped_labels
flavornet,15406,CC12CCC(C1)C(C)(C)C2O,camphor,no_mapped_labels
flavornet,15600,CCCCCCCCCC,alkane,no_mapped_labels
flavornet,16666,CC(C)[C@@H]1CC[C@@H](C)C[C@H]1O,peppermint,no_mapped_labels
flavornet,16724,C=C(C)[C@H]1CC=C(C)C(=O)C1,caraway,no_mapped_labels
flavornet,16800,CCCCCc1ccccn1,fat,no_mapped_labels
flavornet,17525,CCCCCCOC(=O)CCC,apple peel,no_mapped_labels
flavornet,17739,CCCc1ccc(O)c(OC)c1,phenol,no_mapped_labels
flavornet,18635,CSCCC=O,cooked potato,no_mapped_labels
flavornet,19244,CC(C)[C@H]1CC[C@@H](C)C[C@H]1O,menthol,no_mapped_labels
flavornet,19309,CC1=C(O)C(=O)C(C)O1,caramel,no_mapped_labels
flavornet,19602,CCCCCc1ccco1,butter;green bean,no_mapped_labels
flavornet,21108,C=CCCCCCC(C)=O,baked,no_mapped_labels
flavornet,21648,CC(=O)CCc1ccc(O)cc1,raspberry,no_mapped_labels
flavornet,21828,CC1SCCS1,sulfur,no_mapped_labels
flavornet,26332,CCc1cncc(C)n1,sweat,no_mapped_labels
flavornet,27457,CCc1nccnc1C,roast,no_mapped_labels
flavornet,28906,CCc1cnc(C)c(CC)n1,baked,no_mapped_labels
flavornet,29746,C[C@H]1CCC[C@@]2(C)CCCC[C@]12O,earth;beet,no_mapped_labels
flavornet,30914,CC(=O)c1cnccn1,roast,no_mapped_labels
flavornet,31268,C1CCNC1,alkaline,no_mapped_labels
flavornet,31283,CCCCCCCCCCCCCC(=O)OCC,ether,no_mapped_labels
flavornet,32065,CC1CCc2nccnc21,roast;nut,no_mapped_labels
flavornet,33166,COc1nccnc1C(C)C,pea;earth,no_mapped_labels
flavornet,33931,CCC1OC(C)=C(O)C1=O,caramel,no_mapped_labels
flavornet,34286,Cc1occc1S,meat,no_mapped_labels
flavornet,35408,CCCCCCCCCC(=O)OCCCC,whiskey,no_mapped_labels
flavornet,41569,Cc1cc(S)c(C)o1,meat,no_mapped_labels
flavornet,47649,CSSc1ccoc1C,cooked meat;thiamin,no_mapped_labels
flavornet,61015,CCCCCCCCCCCC(=O)OCCCC,oil,no_mapped_labels
flavornet,61334,CC(=O)OC1=C(C)OC(C)C1=O,caramel,no_mapped_labels
flavornet,61653,Cc1nc(C)c(C)s1,earth,no_mapped_labels
flavornet,61660,CC(=O)SCc1ccco1,roast,no_mapped_labels
flavornet,61663,Cc1ccc(C=O)s1,sulfur,no_mapped_labels
flavornet,61700,Cc1cnc(C(C)C)cn1,sweat,no_mapped_labels
flavornet,62131,CSSCc1ccco1,smoke,no_mapped_labels
flavornet,62453,C=Cc1ccc(O)cc1,almond shell,no_mapped_labels
flavornet,62510,Cc1ncsc1C,smoke;roast,no_mapped_labels
flavornet,62572,CCOC(=O)CC(C)O,marshmallow,no_mapped_labels
flavornet,64685,CC1(C)C2CCC1(C)C(O)C2,camphor,no_mapped_labels
flavornet,68148,C=CCc1ccc(O)cc1,phenol;medicine,no_mapped_labels
flavornet,75664,Cc1sccc1S,medicine,no_mapped_labels
flavornet,78126,SCCc1ccccc1,rubber,no_mapped_labels
flavornet,78215,COc1cccc(C)c1OC,hummus,no_mapped_labels
flavornet,80408,SCc1cccs1,sulfur,no_mapped_labels
flavornet,82202,Sc1ccsc1,cooked meat,no_mapped_labels
flavornet,85522,COC(=O)CSC,cooked potato;roasted nut,no_mapped_labels
flavornet,88290,CC(=O)CC(C)(C)S,box tree,no_mapped_labels
flavornet,89539,CC1=C(O)C(=O)CC1C,caramel,no_mapped_labels
flavornet,95330,COC1CC2CCC1(C)C2(C)C,earth;must,no_mapped_labels
flavornet,98346,CCC(C)CCCO,sweat,no_mapped_labels
flavornet,101680,CC1(C)C2CCC(C2)C1(C)O,camphor,no_mapped_labels
flavornet,106217,CSSC(C)(C)C=O,smoke;fat,no_mapped_labels
flavornet,108765,CC(=O)Sc1ccoc1C,roasted meat,no_mapped_labels
flavornet,111037,CC(=O)OC(C)(C)C1CC=C(C)CC1,wax,no_mapped_labels
flavornet,121677,Cc1ccc2c(c1)C=CCC2(C)C,licorice,no_mapped_labels
flavornet,126537,CC1=C[C@@H]2OC[C@@H](C)[C@@H]2CC1,dill,no_mapped_labels
flavornet,146586,CC(C)=CCS,amine;smoke,no_mapped_labels
flavornet,162293,CCc1sc(C)nc1C,earth,no_mapped_labels
flavornet,176983,C=C(C)C1=CC=C(C)CC1,turpentine,no_mapped_labels
flavornet,237332,O=Cc1ccc(CO)o1,cardboard,no_mapped_labels
flavornet,305551,CCOC(=O)C1CCC(=O)O1,smoke;roast,no_mapped_labels
flavornet,330573,C=C(C)[C@@H]1CC=C(C)[C@H](O)C1,caraway,no_mapped_labels
flavornet,357772,CCOC(=O)CCCO,caramel,no_mapped_labels
flavornet,439368,CC1(C)COC(=O)[C@@H]1O,cotton candy,no_mapped_labels
flavornet,439711,CC1(C)[C@@H]2CC[C@@](C)(C2)[C@@H]1O,camphor,no_mapped_labels
flavornet,443160,CC1=CC[C@@H](C(C)C)C=C1,dill,no_mapped_labels
flavornet,445070,CC(C)=CCC/C(C)=C/CC/C(C)=C/CO,muguet,no_mapped_labels
flavornet,445639,CCCCCCCC/C=C\CCCCCCCC(=O)O,fat,no_mapped_labels
flavornet,518810,CCCC(S)CCOC(C)=O,box tree,no_mapped_labels
flavornet,519709,CCOC(=O)C(C)S,sulfur,no_mapped_labels
flavornet,520098,CCC(C)c1nccnc1OC,carrot;earth,no_mapped_labels
flavornet,520108,CC(=O)c1nccs1,roast;nut;sulfur,no_mapped_labels
flavornet,520194,CC(=O)C1=CCCCN1,caramel,no_mapped_labels
flavornet,520300,CC(=O)C1=NCCCC1,caramel,no_mapped_labels
flavornet,520420,C=CC(=O)CCCC,metal,no_mapped_labels
flavornet,520682,CC(C)(S)CCO,meat broth,no_mapped_labels
flavornet,521185,CC1(C)CC2C(C1)C1(C)CCCC2(C)C1O,earth,no_mapped_labels
flavornet,521348,CCCC(S)CCO,sulfur,no_mapped_labels
flavornet,521790,CCC(=O)C(C)O,truffle;earth;nut,no_mapped_labels
flavornet,521873,Cc1ccc(CS)o1,roast;sulfur,no_mapped_labels
flavornet,522834,CC(=O)C1=NCCC1,roast;nut,no_mapped_labels
flavornet,525032,CCCCCCC=CCCCCCCCCC,alkane,no_mapped_labels
flavornet,525462,CSC(C)S,thiamin,no_mapped_labels
flavornet,526177,CC1=C(S)CCO1,meat,no_mapped_labels
flavornet,526487,CC(C)(S)CCOC=O,cat;roast,no_mapped_labels
flavornet,526559,CC(=O)c1ccc2n1CCC2,medicine,no_mapped_labels
flavornet,526624,Cc1occc1SSc1ccoc1C,roasted meat,no_mapped_labels
flavornet,527305,CCCCC1OC1C=CC=O,metal,no_mapped_labels
flavornet,529251,CCC(=O)C1=NCCC1,roast,no_mapped_labels
flavornet,529635,CCC(=O)C(C)S,roasted meat,no_mapped_labels
flavornet,529907,CCCCCC=CCC=O,fat,no_mapped_labels
flavornet,564367,C=C(C)C1CCC(=C)C(OO)C1,turpentine,no_mapped_labels
flavornet,586728,COc1nc(C)cnc1C,earth,no_mapped_labels
flavornet,636730,C=C(C)[C@H]1CCC(=C)[C@@H](OO)C1,turpentine,no_mapped_labels
flavornet,638500,CC(=O)OC/C=C(\C)CC/C=C(\C)CCC=C(C)C,oil;wax,no_mapped_labels
flavornet,2723602,CC[C@H](C)CO,malt,no_mapped_labels
flavornet,2724159,C=C(C)[C@@H]1CC=C(C=O)CC1,fat,no_mapped_labels
flavornet,3018619,CC(C)CCCCCCCCCCC=O,meat broth;cooked meat;tallow;sweat;fat,no_mapped_labels
flavornet,3066538,CCC1OC=C(CO)C1=O,caramel,no_mapped_labels
flavornet,4564493,CC1=C(O)C(=O)CO1,caramel,no_mapped_labels
flavornet,5281167,CC/C=C\CCO,grass,no_mapped_labels
flavornet,5282707,CCC/C=C/C(=O)O,fat;must,no_mapped_labels
flavornet,5283321,CC/C=C/C=C/C=O,fat;nut,no_mapped_labels
flavornet,5283349,CCCCC/C=C/C=C/C=O,fat;wax;fried,no_mapped_labels
flavornet,5315892,OC/C=C/c1ccccc1,oil,no_mapped_labels
flavornet,5318599,CCCCC/C=C/CO,soap;plastic,no_mapped_labels
flavornet,5320128,C=CC(C)(O)CC/C=C(/C)CCC=C(C)C,wax,no_mapped_labels
flavornet,5352808,CC/C=C\C/C=C\CC=O,soap;fat,no_mapped_labels
flavornet,5352845,CCCCCCCCC/C=C/CO,oil,no_mapped_labels
flavornet,5354834,CCCCCCC/C=C\C=O,tallow,no_mapped_labels
flavornet,5362814,CC/C=C\CCC=O,cream;biscuit,no_mapped_labels
flavornet,5363229,CCCC/C=C/C(C)=O,crushed bug;nut,no_mapped_labels
flavornet,5366264,C=CC(C)(O)C/C=C/C(=C)C,hyacinth,no_mapped_labels
flavornet,5853952,CCCCC/C=C/CC1CCC(=O)O1,soap,no_mapped_labels
flavornet,6321405,CC1(C)[C@@H]2CC[C@@]1(C)[C@H](O)C2,camphor;must,no_mapped_labels
flavornet,6427080,CCCCC/C=C\C=O,walnut;green leaf,no_mapped_labels
flavornet,6427087,CCCCC/C=C\C=C\C=O,fat;fried,no_mapped_labels
flavornet,6428959,CCCCCCC(=O)CCC=O,fat,no_mapped_labels
flavornet,6429261,CCCCC/C=C\C=C/C=O,seaweed,no_mapped_labels
flavornet,6429262,CCCC/C=C\C(C)=O,nut,no_mapped_labels
flavornet,6429268,C=Cc1ncc(C)nc1C,earth,no_mapped_labels
flavornet,6429298,CCCCCC[C@H]1O[C@@H]1/C=C/C=O,metal,no_mapped_labels
flavornet,6429343,C=CC(=O)C/C=C\CC,metal;geranium,no_mapped_labels
flavornet,6431144,C=Cc1ncc(C)nc1CC,earth,no_mapped_labels
flavornet,6431207,C=C1CC[C@H](C(C)C)C2C=C(C)CCC12,oil,no_mapped_labels
flavornet,6993580,CCOC(=O)[C@H](O)[C@@H](O)C(=O)OCC,earth;must,no_mapped_labels
flavornet,7567181,C=C(C)[C@H]1CCC2=CC(=O)C[C@H](C)[C@@]2(C)C1,turpentine,no_mapped_labels
flavornet,11062802,CC1(C)[C@@H]2CC[C@@]1(C)[C@](C)(O)C2,earth;must,no_mapped_labels
flavornet,11788274,CC/C=C\C=C\C=O,fried,no_mapped_labels
flavornet,13213649,CC(C)=CCCC(C)C1C=CC(C)(O)CC1,metal,no_mapped_labels
flavornet,13270883,CCOC(=O)CCC(O)C(=O)OCC,cotton candy,no_mapped_labels
flavornet,15273629,C=CCC(CC)C(=O)CC,fish,no_mapped_labels
flavornet,15517020,C=CC(=O)C/C(=C\CCSCC)c1ccccc1,earth;must,no_mapped_labels
flavornet,20981956,CCCC1OC1C=CC=O,metal,no_mapped_labels
flavornet,23377482,CC1C=Cc2nccnc21,roast,no_mapped_labels
flavornet,44630408,CC/C=C\C/C=C/CCO,fish,no_mapped_labels
flavornet,71430727,C=C(C)C1CCC(C)=C(OO)C1,turpentine,no_mapped_labels
flavornet,86064872,CC1=CCC2CC1(O)C2(C)C,dust;must,no_mapped_labels
sigma,135,O=C(O)c1ccc(O)cc1,caramel,no_mapped_labels
sigma,264,CCCC(=O)O,cheese,no_mapped_labels
sigma,679,CS(C)=O,"butter;alliaceous (onion, garlic)",no_mapped_labels
sigma,880,CC(=O)C=O,caramel,no_mapped_labels
sigma,1030,CC(O)CO,cheese;wine-like,no_mapped_labels
sigma,1145,C[N+](C)(C)[O-],walnut,no_mapped_labels
sigma,3776,CC(C)O,butter,no_mapped_labels
sigma,7409,CC(O)c1ccccc1,hyacinth,no_mapped_labels
sigma,7593,O=C(Cc1ccccc1)Cc1ccccc1,seedy;plastic,no_mapped_labels
sigma,7798,CCCC(=O)OC(=O)CCC,butter,no_mapped_labels
sigma,7997,CCCOC(C)=O,celery,no_mapped_labels
sigma,8369,Cc1occc(=O)c1O,caramel;jam,no_mapped_labels
sigma,8797,CC(=O)Oc1ccc(C)cc1,anise,no_mapped_labels
sigma,9261,c1cnccn1,wine-like,no_mapped_labels
sigma,11463,CC1=CCC(=C(C)C)CC1,plastic,no_mapped_labels
sigma,12587,CC(C)CCC(=O)O,cheese,no_mapped_labels
sigma,14079,CC(=O)c1ccc[nH]1,walnut,no_mapped_labels
sigma,16592,CCCSSC,"alliaceous (onion, garlic)",no_mapped_labels
sigma,16741,S=C=NCCc1ccccc1,hyacinth,no_mapped_labels
sigma,17016,Cc1ccc(C)c(O)c1C,beef,no_mapped_labels
sigma,17121,C=CC(CCCCC)OC(C)=O,lavender,no_mapped_labels
sigma,18522,CC1OCCC1=O,butter,no_mapped_labels
sigma,21059,CCc1occc(=O)c1O,caramel,no_mapped_labels
sigma,60997,Cc1ccc(OC(=O)Cc2ccccc2)cc1,hyacinth,no_mapped_labels
sigma,61027,C=CCCCCCCCCC(=O)OCCCC,wine-like;butter,no_mapped_labels
sigma,61199,CCC1OC(=O)C(O)=C1C,caramel;maple,no_mapped_labels
sigma,62348,COc1cc(CO)ccc1O,anise,no_mapped_labels
sigma,69460,c1ccc2c(c1)CCCN2,cheese,no_mapped_labels
sigma,82227,CC1=CC[C@@H]2C[C@H]1C2(C)C,turpentine,no_mapped_labels
sigma,443162,CC1=CC[C@@H](C(C)(C)O)CC1,lilac,no_mapped_labels
sigma,548353,CC(S)C(C)S,"alliaceous (onion, garlic)",no_mapped_labels
sigma,595928,CC1COC(c2ccccc2)O1,"alliaceous (onion, garlic)",no_mapped_labels
sigma,5282708,CC/C=C/CC(=O)O,cheese,no_mapped_labels
